,B001E4KFG0,B00813GRG4,B000LQOCH0,B000UA0QIQ,B006K2ZZ7K
A3SGXH7AUHU8GW,4.9954026995684355,3.635864372864443,4.371278569446673,3.6415062640712756,4.822669888700429
A1D87F6ZCVE5NK,3.633931955661158,1.0054697521353473,3.2469935530183562,2.583595444388354,4.105742641991249
ABXLMWJIXXAIN,4.406538970225133,3.334016736791225,3.9993921181344874,3.273674937891419,4.456341064078124
A395BORC6FGVXV,3.801774971314028,2.5231374194817837,3.3114655507051647,2.0056621656873412,4.047657779209513
A1UQRSCLF8GW1T,4.60886035266089,3.306798777270803,4.209756340472896,3.3373935421753047,4.9941350266096025
ADT0SRK1MGOEU,4.19299474157542,3.414729139794506,3.7241462037803266,3.2260337787895685,4.001728486751211
A1SP2KVKFXXRU1,4.6787691504891455,3.2413062755278914,4.218001875694421,3.316303554763948,4.9940115779265835
A3JRGQVEQN31IQ,4.553820533752537,3.0997708033619915,4.263964182531372,3.338203345216174,4.994009841905429
