,B001E4KFG0,B00813GRG4,B000LQOCH0,B000UA0QIQ,B006K2ZZ7K
A3SGXH7AUHU8GW,4.995557340923738,3.2438310045425363,4.324383525871899,3.934717859268157,5.009163587445665
A1D87F6ZCVE5NK,3.756296801956536,1.005767487224526,3.170474814932675,2.5766743674749857,4.009716835240473
ABXLMWJIXXAIN,4.374530753310942,3.0515442459171775,3.9993951305499023,3.316291447718884,4.506474134212143
A395BORC6FGVXV,3.4107078314793333,2.5953407190343882,3.4022930375173437,2.0055329265540225,3.757351168459401
A1UQRSCLF8GW1T,4.733134028297348,3.243073164276797,4.249091386216471,3.688325798975113,4.993569043048869
ADT0SRK1MGOEU,4.068520221496105,2.938628464758062,3.6696498854591115,3.0493978990552866,4.001674330127619
A1SP2KVKFXXRU1,4.7218764268799935,3.1210447356365103,4.249262849504272,3.604073614677299,4.993480924671898
A3JRGQVEQN31IQ,4.725831130937628,3.2161695244994597,4.215958140177085,3.666903072546574,4.993384222956737
