,B001E4KFG0,B00813GRG4,B000LQOCH0,B000UA0QIQ,B006K2ZZ7K
A3SGXH7AUHU8GW,4.994660896296918,2.97352867534324,4.381065105343532,3.3940509393787037,4.783599325627443
A1D87F6ZCVE5NK,2.9427079943827192,1.0122907412210687,2.5379136284481003,1.6910624171382818,3.197977498327084
ABXLMWJIXXAIN,4.284964982714202,2.6658484522410677,3.9992966162083077,2.977279296812209,4.5279695365248
A395BORC6FGVXV,3.320359452178856,1.704170182570253,3.0435312110104826,2.0090202347793022,3.6246969788752037
A1UQRSCLF8GW1T,4.621133535433129,3.068899019281982,4.370120789336796,3.3548435501536624,4.992493873094974
ADT0SRK1MGOEU,3.918176174431599,2.1635026064740623,3.5096052878288337,2.5456355661180585,4.002879011939432
A1SP2KVKFXXRU1,4.7264528136929655,3.0114897189573293,4.3487580237970445,3.392040207524319,4.992162479828501
A3JRGQVEQN31IQ,4.615040666085949,3.026797294087327,4.340833137536405,3.370650631894055,4.991971868342542
