,B001E4KFG0,B00813GRG4,B000LQOCH0,B000UA0QIQ,B006K2ZZ7K
A3SGXH7AUHU8GW,4.997308169457163,3.1164465500472365,4.407296623193992,3.444118989059988,4.90265826935171
A1D87F6ZCVE5NK,2.9649430875595426,1.0062598134030372,2.589112707463294,1.6226069983433917,3.1639264567237158
ABXLMWJIXXAIN,4.426819068679377,2.6294152518936396,3.9996733475523523,3.0697677562874155,4.5601811732190995
A395BORC6FGVXV,3.5089463076890253,1.6028099426410596,3.026889429703056,2.004363446714015,3.5661944170183437
A1UQRSCLF8GW1T,4.792903879827613,3.0547306798707115,4.325752795593286,3.460609133715654,4.996328102923425
ADT0SRK1MGOEU,3.9460392430907065,2.09657334572678,3.4566350293310895,2.5274186472148137,4.001459659117825
A1SP2KVKFXXRU1,4.667486555362919,2.959089533105293,4.2557602815602475,3.3930924037335584,4.995766229856515
A3JRGQVEQN31IQ,4.698243475471252,2.9571688156642293,4.289477072460793,3.4933562477536917,4.995904251144162
